feature,method,lower_fence,upper_fence,n_outliers,pct_non_missing,pct_all
trip_distance,IQR,-2.345,6.735,390244,12.724935648823548,12.724935648823548
trip_distance,zscore,-744.9039261750816,752.5986102364022,67,0.0021847118430294,0.0021847118430294
trip_distance,quantile_99.5,,50.0,387,0.0126191564664535,0.0126191564664535
trip_distance,logIQR_k1.5,-0.3240163272840235,12.195289117208858,178375,5.816387686572761,5.816387686572761
